979796980,Candice,Dunlap,2018
972595565,Naida,Galloway,2007
325417451,Carl,Lopez,2016
614144854,Amery,Ballard,2017
339650920,Mufutau,Mcguire,2010
341980997,Leila,Cherry,2017
313133557,Brennan,Good,2015
731493055,Knox,Ferguson,2003
188221062,Aphrodite,Ford,2013
311581648,Zeus,Mueller,2006
293015359,Bruce,Campbell,2006
504968968,Kenyon,Chambers,2012
820851762,Yuli,Wyatt,2002
616923234,Rudyard,Dale,2004
750296597,Uma,Compton,2003
707790578,Georgia,Dale,2014
222574374,Samantha,Kline,2001
456960681,Clementine,Schroeder,2005
475993581,Barclay,Wooten,2018
216924402,Idona,Hopper,2015
781235965,Medge,Bradley,2005
336887932,Winter,Sims,2006
509390111,Andrew,Mills,2017
809244780,Madeline,Lawrence,2011
570805085,Darryl,Rutledge,2009
842521804,Bertha,Webster,2012
220344756,Ezra,Buckner,2007
923228131,Amal,Vang,2007
940145334,Sierra,Myers,2016
325872887,Joshua,Beach,2017
244966958,Coby,Alvarez,2011
419573925,Emmanuel,Caldwell,2016
647240233,Kennedy,Stafford,2001
835837922,Gail,Zimmerman,2019
871572045,Casey,Velasquez,2012
565930629,Derek,Horne,2008
653458053,Driscoll,Jefferson,2012
906546635,Rhona,Burton,2011
537656237,Palmer,Hill,2008
243769559,Tucker,Pittman,2010
276969053,Bruno,Beach,2009
934528706,Tamekah,Brown,2014
557960288,Berk,Bush,2001
923327443,Teegan,Case,2019
950728548,Yvette,Garrison,2016
972202745,Orla,Blackburn,2021
342928077,Brett,Justice,2004
385046851,Briar,Roach,2013
594663969,Jerry,Riddle,2015
962767081,Kareem,Fitzpatrick,2005
845416669,Alisa,Todd,2002
186609924,Rama,Richardson,2011
710159712,Hyatt,Santiago,2009
773324811,Renee,Solomon,2008
815995218,Gwendolyn,Valenzuela,2004
712482820,Deborah,Hodges,2008
183051571,Libby,Alston,2012
398457883,Audrey,Steele,2006
218355186,Ulla,Nelson,2007
849013283,Hashim,Sandoval,2003
645301700,Sasha,Hester,2007
419919798,Gray,Singleton,2011
873554459,Shelley,Hooper,2003
397936345,Aladdin,Buck,2017
219182407,Quinlan,Oconnor,2005
112500798,Elton,Waters,2006
871067856,Nathaniel,Wynn,2012
142224779,Linus,Mcdaniel,2006
561283020,Rhea,Calhoun,2017
810313285,Melvin,Velasquez,2017
274808170,Nissim,Serrano,2000
404721090,Lev,Medina,2018
200942031,Kamal,Mcknight,2018
204040814,Uma,Weaver,2019
739229706,Abigail,Goodman,2015
960206461,Anika,Roberson,2000
392072440,Kennan,Harmon,2008
140188181,Jenette,Dean,2002
490135603,Scott,Bauer,2009
937213739,Josephine,Lang,2002
909246979,Ethan,Preston,2013
864307956,Marcia,Dotson,2020
301334184,Nash,Reyes,2003
329850040,Keely,Mack,2006
274826288,Haley,Gardner,2001
538644776,Tashya,Savage,2018
566938615,Brendan,Meyer,2014
772354726,Petra,Ferrell,2017
217343410,Denton,Miles,2019
906731221,Odette,Hinton,2013
845644541,Ryan,Kramer,2002
470285956,Haley,Spencer,2006
994367055,Nelle,Hudson,2014
239747440,Claudia,Merrill,2020
363344818,Elizabeth,Hobbs,2008
786825652,Harrison,Mclean,2012
219173768,Aladdin,Baird,2016
652356772,Melissa,Garner,2016
239784961,Ocean,Terrell,2013
574618892,Graiden,Glover,2015